{
  "format_version": "1.8.0",
  "animations": {
    "tnt": {
      "animation_length": 2.5,
      "bones": {
        "Root": {
          "rotation": {
            "0.2917": {
              "vector": [
                0,
                0,
                0
              ]
            },
            "1.5": {
              "vector": [
                0,
                0,
                0
              ]
            },
            "1.625": {
              "vector": [
                35,
                0,
                0
              ]
            },
            "2.5": {
              "vector": [
                35,
                0,
                0
              ]
            }
          },
          "position": {
            "0.2917": {
              "vector": [
                0,
                0,
                0
              ]
            },
            "0.5": {
              "vector": [
                0,
                -5,
                3
              ]
            },
            "1.5": {
              "vector": [
                0,
                -6,
                2
              ]
            },
            "1.625": {
              "vector": [
                0,
                -3,
                2
              ]
            },
            "2.5": {
              "vector": [
                0,
                -3,
                2
              ]
            }
          }
        },
        "Body": {
          "rotation": {
            "0.2917": {
              "vector": [
                0,
                0,
                0
              ]
            },
            "0.5": {
              "vector": [
                24.61697,
                -4.06172,
                1.00879
              ]
            },
            "0.7917": {
              "vector": [
                31.80447,
                -4.06172,
                1.00879
              ]
            },
            "1.5": {
              "vector": [
                32.11697,
                -4.06172,
                1.00879
              ]
            },
            "2.0": {
              "vector": [
                52.11697,
                -4.06172,
                1.00879
              ]
            }
          },
          "position": {
            "0.2917": {
              "vector": [
                0,
                0,
                0
              ]
            },
            "1.5": {
              "vector": [
                0,
                0,
                0
              ]
            }
          }
        },
        "head": {
          "rotation": {
            "0.2917": {
              "vector": [
                0,
                0,
                0
              ]
            },
            "0.5": {
              "vector": [
                52.5,
                0,
                0
              ]
            },
            "1.5": {
              "vector": [
                52.5,
                0,
                0
              ]
            },
            "1.625": {
              "vector": [
                -11.12501,
                5.73576,
                26.94093
              ]
            },
            "2.0": {
              "vector": [
                -11.57518,
                -4.75113,
                -22.01816
              ]
            },
            "2.5": {
              "vector": [
                -11.12501,
                5.73576,
                26.94093
              ]
            }
          },
          "position": {
            "0.2917": {
              "vector": [
                0,
                0,
                0
              ]
            },
            "1.5": {
              "vector": [
                0,
                0,
                0
              ]
            }
          }
        },
        "RightArm": {
          "rotation": {
            "0.2917": {
              "vector": [
                0,
                0,
                0
              ]
            },
            "0.5": {
              "vector": [
                -155.0515,
                51.9319,
                -28.5528
              ]
            },
            "1.5": {
              "vector": [
                -135.0515,
                51.9319,
                -28.5528
              ]
            },
            "2.0": {
              "vector": [
                -121.06043,
                60.83222,
                -50.62961
              ]
            }
          },
          "position": {
            "vector": [
              0,
              0,
              0
            ]
          }
        },
        "RightForeArm": {
          "rotation": {
            "0.2917": {
              "vector": [
                0,
                0,
                0
              ]
            },
            "0.5": {
              "vector": [
                -60.17916,
                0.53336,
                -0.75041
              ]
            },
            "1.5": {
              "vector": [
                -60.18,
                0.53,
                -0.75
              ]
            },
            "1.625": {
              "vector": [
                -17.68,
                0.53,
                -0.75
              ]
            },
            "2.5": {
              "vector": [
                -17.68,
                0.53,
                -0.75
              ]
            }
          },
          "position": {
            "0.2917": {
              "vector": [
                0,
                0,
                0
              ]
            },
            "1.5": {
              "vector": [
                0,
                0,
                0
              ]
            }
          }
        },
        "LeftArm": {
          "rotation": {
            "0.2917": {
              "vector": [
                0,
                0,
                0
              ]
            },
            "0.5": {
              "vector": [
                75.1726,
                -67.6077,
                -212.5266
              ]
            },
            "1.5": {
              "vector": [
                75.17,
                -67.61,
                -212.53
              ]
            },
            "1.625": {
              "vector": [
                120.17,
                -67.61,
                -212.53
              ]
            },
            "2.0": {
              "vector": [
                157.67,
                -67.61,
                -212.53
              ]
            },
            "2.5": {
              "vector": [
                120.17,
                -67.61,
                -212.53
              ]
            }
          },
          "position": {
            "0.2917": {
              "vector": [
                0,
                0,
                0
              ]
            },
            "1.5": {
              "vector": [
                0,
                0,
                0
              ]
            }
          }
        },
        "LeftForeArm": {
          "rotation": {
            "0.2917": {
              "vector": [
                0,
                0,
                0
              ]
            },
            "0.5": {
              "vector": [
                -65,
                0,
                0
              ]
            },
            "1.5": {
              "vector": [
                -65,
                0,
                0
              ]
            },
            "1.625": {
              "vector": [
                -20,
                0,
                0
              ]
            },
            "2.5": {
              "vector": [
                -20,
                0,
                0
              ]
            }
          },
          "position": {
            "0.2917": {
              "vector": [
                0,
                0,
                0
              ]
            },